source_type,source_email,document_id,path,tags,cf_doc_uid
googledrive,giacomomoscardini@gmail.com,0Bwz1vEaJ144DQzhxbXNzOHBRZ0k,/Il mio Drive/Università Drive/Economia/22 - es 2.pdf,"gioia, momo, tag",3c120415-c576-4f2d-864c-04beba2683dd
googledrive,giacomomoscardini@gmail.com,0Bwz1vEaJ144Dc1ItZ3Y4OEQ3U00,/Il mio Drive/Università Drive/Economia/Esercizio 2.pdf,sanremo,597366ae-28a7-4d6b-9999-0b324a7065d7
googledrive,giacomomoscardini@gmail.com,0Bwz1vEaJ144DTGEzTS1QMHdqQlU,/Il mio Drive/Università Drive/Economia/11 - circuiti e cicli della gestione.pdf,,5f3eaef6-de05-422e-a5dd-72d8a45064dc
googledrive,giacomomoscardini@gmail.com,0Bwz1vEaJ144DOWtRblRwZmExUXM,/Il mio Drive/Università Drive/Economia/14a - schema_sp.pdf,,74f89011-1773-4784-9655-5846b7f3d2d2
googledrive,giacomomoscardini@gmail.com,0Bwz1vEaJ144DclF2RTloUGR1UHc,/Il mio Drive/Università Drive/Economia/23 - le scritture di assestamento.pdf,,a68c7f0a-c752-400a-8a11-e843211793ce
googledrive,giacomomoscardini@gmail.com,0Bwz1vEaJ144DUjN5ejRnZW1QbGc,/Il mio Drive/Università Drive/Economia/15a - schema_ce.pdf,,123bbb3f-7cd2-4dba-9699-6329e59d4e12
googledrive,giacomomoscardini@gmail.com,0Bwz1vEaJ144DWDN5b240OFJYeXpsbjhMU3hMRC1sUUFPQjN3,/Il mio Drive/Università Drive/Economia/3 - ABC cap 3_3 mar 15.pdf,,2586427b-0e22-430a-8fa0-06384b9e4e12
googledrive,giacomomoscardini@gmail.com,0Bwz1vEaJ144Dd0R1TElBUy1ucEE,/Il mio Drive/Università Drive/Economia/14 - composizione stato patrimoniale.pdf,,3443ea31-3f60-4f6a-bef7-27dcf280e3ca
googledrive,giacomomoscardini@gmail.com,0Bwz1vEaJ144DQ21yMTZFbWozWU0,/Il mio Drive/Università Drive/Economia/es analisi sensibilità.pdf,,359ef893-e0ae-4d66-aecd-5f43d577de0d
googledrive,giacomomoscardini@gmail.com,1L9gZU1r5u2t5kVl7W7hZ_qwP5h0OcF8B,/San Gimignano+Siena/DSC_0272.JPG,"gioia, momo, tag",7d60230f-3daf-41c6-aafd-12b713f471c0
googledrive,giacomomoscardini@gmail.com,0Bwz1vEaJ144DaEd5MkNjZnVVZEk,/Il mio Drive/Università Drive/Analisi/SCANSIONI.rar,,4ca9bb9a-997b-4ae1-a086-8fcb4895983b
googledrive,giacomomoscardini@gmail.com,0Bwz1vEaJ144DYjdCZ0k5ZG9QSGs,/Il mio Drive/Università Drive/Economia/es coeff unitario.pdf,,98cc3fa5-d61a-4295-8efb-5b3dc0100667
googledrive,giacomomoscardini@gmail.com,0B-FZcJH5IP7FUnNKcWx5ZnZHZjg,/P1000483.JPG,non so,62265feb-6638-4a08-a175-342eef131092
googledrive,giacomomoscardini@gmail.com,13VYHvuTGBOx70ftQM2DWXPHD4Z7JoWmuMa0sls8JtjE,/Ingegneria del Software 16-17,,707a938c-a8f8-4a3d-a65e-0ee4786cdcdf
googledrive,giacomomoscardini@gmail.com,0BwA6S0_2MudhaFNRQWlxeFZkTTQ,/Apkmodded is now ApkModPro.jpg,"gioia, momo, tag",7b86cf21-2b0f-4b6a-a6f4-1e367faf0490
googledrive,giacomomoscardini@gmail.com,1vdy3vsj5CesB7DFW6SKlmwkr-cLmA0KG,/@Science telegram-channel,,8406b0fb-45b5-44be-9add-0a077e6bc52b
googledrive,giacomomoscardini@gmail.com,1QSKXIsUeNQrT8Xm7yNgAoiIAWY0z8ezM,/San Gimignano+Siena,,86f8477f-56f0-44ab-a78d-fb494f941d1e
googledrive,giacomomoscardini@gmail.com,0B9hFUmTXF_i6RHZCZm9LRmNjOXc,/PepMp3Downloader_v1.1.03.apk,,9d4191da-754f-41bb-a928-0958fd53efea
googledrive,giacomomoscardini@gmail.com,0B8IyPYyov9cqMmMxaS12bHVLRDA,/Adreno.zip,,b58727a6-4eac-4cbd-a776-834e78d37c6e
googledrive,giacomomoscardini@gmail.com,0AAz1vEaJ144DUk9PVA,/Il mio Drive,,f1c3db54-6629-4553-aee6-12c197650345
googledrive,giacomomoscardini@gmail.com,0ByeZ3h3mdMpSVW5LUWxXZmtwZ3M,/M8/Beanstalk Nougat ,,070ec3ac-382c-4d27-bf6b-1b2d233ccac8
googledrive,giacomomoscardini@gmail.com,1VaNgjHBoO-b8vU9CW9GdWTdLR_AUqndo,/San Gimignano+Siena/DSC_0386.JPG,,8d83173e-1c78-4aa1-a8e8-a2f278ef03c6
googledrive,giacomomoscardini@gmail.com,1Bksv12vCcl94a7BcKOzVMaq5DjxARDbr,/San Gimignano+Siena/DSC_0273.JPG,,c1fc6aed-083f-4479-bea0-bf4a75813b31
googledrive,giacomomoscardini@gmail.com,1LnhS_0zrSEr2gPVEITkvW0MT1gX8P1So,/San Gimignano+Siena/DSC_0275.JPG,,d8168d55-e6b0-4f3b-afe5-a6c77edee35c
googledrive,giacomomoscardini@gmail.com,1x1ze3eHFicw2cfqqEHBZjD6zf2i0ievs,/San Gimignano+Siena/DSC_0377.JPG,,17917515-d00f-42f8-ab6c-794e93844496
googledrive,giacomomoscardini@gmail.com,1mlfcpd-CCclSpCEEfwpwuRSNBsgVSOYJ,/Il mio Drive/Enpass/sync_default.walletx,,17b80199-4b80-4e6c-85c6-bff0e728cf73
googledrive,giacomomoscardini@gmail.com,0Bwz1vEaJ144DV2V6djFaSnplSlZyU3V2TUZteXJ0dWZzdTE4,/Il mio Drive/Diseducatore/Settimana Comunitaria I-II Superiore.docx,,40c8a7fe-2039-4d32-9b83-95b3e9273a3f
googledrive,giacomomoscardini@gmail.com,1lKJettfXRSkUFLhhlnVSEV_e_KQR56Re,/San Gimignano+Siena/DSC_0299.JPG,,47e813d2-22b9-4a26-9c11-003aca8e251d
googledrive,giacomomoscardini@gmail.com,1qpqYZfc72Lbw14tyHOu3AwheOCnK9nEW,/San Gimignano+Siena/DSC_0396.JPG,,a45871a1-163d-4fe5-9397-2356f3147648
googledrive,giacomomoscardini@gmail.com,0Bwz1vEaJ144DTlFFV0FXMWFtaFk,/Il mio Drive/Università Drive/Economia/21 - es 1 soluzioni.pdf,,6ed0f011-cf73-4fa1-8b8f-4688a381f954
googledrive,giacomomoscardini@gmail.com,1KZAYsAB4rUByowF7rqMgK626cuyNQslh,/San Gimignano+Siena/DSC_0380.JPG,,83e0b5eb-bcd5-48d1-90b4-c5f4e120506b
googledrive,giacomomoscardini@gmail.com,0Bwz1vEaJ144DOEZBRk95MmZNcWc,/Il mio Drive/Università Drive/Economia/25 - Soluzioni es 4.pdf,,86ef3c1d-71ce-47a8-b669-c6da7927efcd
googledrive,giacomomoscardini@gmail.com,1lhagJ_biGSAvsABB1tkYcAB4GKSS4eXV,/Il mio Drive/Enpass,,ccde3831-da56-492a-bfba-4bdc56b1bba7
googledrive,giacomomoscardini@gmail.com,0B6kQ8Li09nJDMmNFbVVQWWlNRGM,/Reicast/reicast-20140318_682.apk,,f2e050db-da90-4bc4-97b2-7fe9dc279c7c
googledrive,giacomomoscardini@gmail.com,1roCN5rfM-YIsy7l2_QC6GL1TWQWNYgA8,/Il mio Drive/pokemon,,f53b2c65-7ecb-4afd-af13-a0401e317ee7
googledrive,giacomomoscardini@gmail.com,0B6kQ8Li09nJDNnh0WVgyek56Qzg,/Reicast/reicast-20140426_710.apk,,1079168c-ea93-43e8-b99d-6f84c3ab97bb
googledrive,giacomomoscardini@gmail.com,1D73RmBuSGClWkEVlLoKmFOXFj5sbWoW3,/San Gimignano+Siena/DSC_0332.JPG,,8de0ca50-6deb-4ee3-87ba-1e29ff7ee937
googledrive,giacomomoscardini@gmail.com,1UZVLx4rewyv6CObm2b2s9TVH0Ioa4lJI,/San Gimignano+Siena/DSC_0266.JPG,,9fdc959a-6156-4563-b3b2-f287f51e56e0
googledrive,giacomomoscardini@gmail.com,1SDrrbqnhhy5ETvK71UHayTHd-H4DX6Yu,/San Gimignano+Siena/DSC_0353.JPG,,54847b93-7c35-4984-9ef2-b23250656afe
googledrive,giacomomoscardini@gmail.com,1k6X_ZECXrGUMrd0aJo3MXPeKaH3gebc-,/San Gimignano+Siena/DSC_0382.JPG,,738d6379-2313-4233-9104-5eae4dc780af
googledrive,giacomomoscardini@gmail.com,0B6kQ8Li09nJDUVVDMEFYQkk4UEU,/Reicast/reicast-20140509_732.apk,,7658f80a-1f06-42c3-9a4b-c8a0a917fc43
googledrive,giacomomoscardini@gmail.com,1IVxk0ou79-d-JZhooerq9kB0vUvieWVw,/San Gimignano+Siena/DSC_0269.JPG,,a18cd84d-6c34-41d4-9764-1acdac1bb412
googledrive,giacomomoscardini@gmail.com,1_EZDi8f875ItuYlTRzBiVx28O3MBC-cf,/San Gimignano+Siena/DSC_0379.JPG,,bccee508-2a7e-4c37-9297-223b4b83df2b
googledrive,giacomomoscardini@gmail.com,1M5OQC8CNZ-a0e0i3HqXLU64XL63tAEZo,/San Gimignano+Siena/DSC_0286.JPG,,ce4ca77d-9882-4bae-86d1-828871be1d6a
googledrive,giacomomoscardini@gmail.com,0B6kQ8Li09nJDMGlzYXExS2FQWms,/Reicast/reicast-20141031_863.apk,,eb5b909a-6399-47e1-8406-1029b654d241
googledrive,giacomomoscardini@gmail.com,0Bwz1vEaJ144DX2xfZFk1N0tXUEE,/Il mio Drive/Università Drive/Economia/33 - analisi costi volumi risultati.pdf,,4d560cfe-b9d1-4b0f-9624-975ecc40331d
googledrive,giacomomoscardini@gmail.com,1kbYTqpDuE1mgbf2nyAi1CXzFGCSEfHA6,/San Gimignano+Siena/DSC_0328.JPG,,98f09d09-0760-446b-8a75-c570818dda3f
googledrive,giacomomoscardini@gmail.com,0B6kQ8Li09nJDQ3JvUVg4NldNd0U,/Reicast/reicast-20150120_1097.apk,,c230a453-5bd0-49d7-99ed-ab901ef2da2c
googledrive,giacomomoscardini@gmail.com,1cFBWhClse-3oJ7baY-RaU_rDsKC-cyQW,/San Gimignano+Siena/DSC_0315.JPG,,c68b8b1c-1c53-454a-a8f4-3460d5d071c2
googledrive,giacomomoscardini@gmail.com,1trtITKPXy6VQx1wC3Hz4paY1_q2FVHVd,/San Gimignano+Siena/DSC_0317.JPG,,652d6fb7-e3ca-4167-a490-4cb51581f407
googledrive,giacomomoscardini@gmail.com,0B6kQ8Li09nJDaWQ5Tk93Q002UVU,/Reicast/reicast-20140210_412.apk,,66eb18b5-cade-4e88-a30e-434c479c6e58
googledrive,giacomomoscardini@gmail.com,17XK_flRyE2BerV3boL5vt2rzQpexA1LH,/San Gimignano+Siena/DSC_0304.JPG,,a27b1d61-c890-4d27-9dcc-276c6809adf1
googledrive,giacomomoscardini@gmail.com,0B6kQ8Li09nJDb0hjM3l6NU5YVUk,/Reicast/reicast-20140214_461.apk,,bcc80049-afcb-448d-81b3-2134be904809
googledrive,giacomomoscardini@gmail.com,1CHZAS0QZNGywXLlTTbuWDkxS2pVPu5bA,/San Gimignano+Siena/DSC_0325.JPG,,e0bd676d-d175-4251-b049-6f4c699ff86e
googledrive,giacomomoscardini@gmail.com,15IiSM3T3Fson4cbgezySvWHUbFCYSiu7,/San Gimignano+Siena/DSC_0280.JPG,,f54a2b87-0f18-4828-aa35-e7ea5ba5b07f
googledrive,giacomomoscardini@gmail.com,1tFRgzuhDkqPw9lPhtZpQSxrucvvZQFeoY7maQ958QYU,/Il mio Drive/Diseducatore/Campeggio Estate 2017,,43d14d77-4038-4341-9be5-cc51ecbbe3ca
googledrive,giacomomoscardini@gmail.com,1TEnac8KEBMpzh5PqrGaJTjQ9d5vdAh0-,/Il mio Drive/pokemon/2EunbkL.jpg,,e2b55cca-d33f-4aa3-b57f-af1c61888383
googledrive,giacomomoscardini@gmail.com,1ulkVblZCCMJsXM-qbo1e6-ow7NCi8S8X,/San Gimignano+Siena/DSC_0365.JPG,sara,ab05c1a5-c9f6-488c-a2fe-b13cbd85ba8a
googledrive,giacomomoscardini@gmail.com,0Bwz1vEaJ144DenZxVVJ5QmFhUlMwMFduTzdnZzYzVmVrb2pj,/Il mio Drive/Università Drive/Economia/8 - cap 15_16 mar(1).pdf,,2a207049-ca52-4b84-9565-f30732e1e335
googledrive,giacomomoscardini@gmail.com,1rxUB8-VZQI8jJfeFnTfFLUY5L9nmWVGd,/San Gimignano+Siena/DSC_0346.JPG,,cbf6837a-48a8-4dea-9add-482af82f356c
googledrive,giacomomoscardini@gmail.com,1QOkzCY6luNAdFtJhwKPASwdgiznKfTtI,/San Gimignano+Siena/DSC_0374.JPG,,c3f0706d-ffd3-4db4-9823-a27d7cce2897
googledrive,giacomomoscardini@gmail.com,1lYhNuGZ4nW-H3wXZSs1Q4M2uZw9W0ylh,/San Gimignano+Siena/DSC_0298.JPG,,f61a17c2-dfc9-4288-8b8c-f759670c4118
googledrive,giacomomoscardini@gmail.com,1olJXNhi3mUiy7UNONPirQ0DIYX617rw-,/San Gimignano+Siena/DSC_0277.JPG,,0a0d7b59-cc0d-416b-a078-a9e69a991956
googledrive,giacomomoscardini@gmail.com,1dIFw5iOpJ9kYdSYn1goPk5X3HGeRPzKn,/San Gimignano+Siena/DSC_0306.JPG,,73226449-4705-4666-b294-7dfb93075daa
googledrive,giacomomoscardini@gmail.com,0Bwz1vEaJ144Dc045XzFzQk9sLW8,/Il mio Drive/Vacanza Picciotti 2017,,9948f64a-cc1c-4b0a-843d-2f08898b2937
googledrive,giacomomoscardini@gmail.com,0B6kQ8Li09nJDS2dUSEk0ZGwwS2M,/Reicast/reicast-20140203_345.apk,,9cdb5b43-d8c5-4fe1-ae7e-1a965603fc65
googledrive,giacomomoscardini@gmail.com,1av-NRS20SHqT1i7hR9LeNTTg-6z_aVLT,/San Gimignano+Siena/DSC_0283.JPG,,b6be171c-4d8a-4157-aa9d-5be959d2cfd3
googledrive,giacomomoscardini@gmail.com,14IJt7XqhIn3BgrriaWDj4-HEVrJejfHY,/San Gimignano+Siena/DSC_0282.JPG,,fe416898-3da0-4ea8-8a18-ca32e895d713
googledrive,giacomomoscardini@gmail.com,1lNVLE6lGRHUP-j2aSSrI1RSwFWYUIENi,/San Gimignano+Siena/DSC_0297.JPG,,1a23adc1-ab8d-4bf2-b0c5-a512924f4737
googledrive,giacomomoscardini@gmail.com,1SnH8ZDlrXsu8KwrpVTExGysZwcFQppJf,/San Gimignano+Siena/DSC_0342.JPG,,3d7298fb-56ed-41ae-a1b7-20f5c1f0684d
googledrive,giacomomoscardini@gmail.com,0B6kQ8Li09nJDQ0s1bk9qNDFOdFU,/Reicast/reicast-20140121_212.apk,,5023964f-9dc9-4b55-9cd4-d188e1eb56bb
googledrive,giacomomoscardini@gmail.com,1aG5MvAJ-m2y7_HZVG4AYTu410cRAKslT,/San Gimignano+Siena/DSC_0292.JPG,,a2505c25-e49a-450e-9d29-ce735c148295
googledrive,giacomomoscardini@gmail.com,1p1NfBZRssHUI-Ifh7L2UoxMIyriiK7sX,/San Gimignano+Siena/DSC_0378.JPG,,be25c9ec-3d81-42e4-b600-2aba7069a441
googledrive,giacomomoscardini@gmail.com,18gyFH2x01P9XXwfobSkpHrO_UKRnlKwd,/San Gimignano+Siena/DSC_0268.JPG,,cf5e9e95-ae0d-4d11-9021-637918d0485b
googledrive,giacomomoscardini@gmail.com,1UtnThKN9qC2btJHclAfyH46XCJb4lqFD,/San Gimignano+Siena/DSC_0348.JPG,,dcf8e546-0c75-4f3b-9c3b-2d56066b4e9a
googledrive,giacomomoscardini@gmail.com,0Bwz1vEaJ144DUVhxTjlZeEZEY1E,/Il mio Drive/Università Drive/Economia/1 - ABC cap 1_2 mar 15.pdf,,48667384-c274-4db8-895a-eac9067665b9
googledrive,giacomomoscardini@gmail.com,0Bwz1vEaJ144DVWhjdVJPY0oxUlk,/Il mio Drive/Università Drive/Economia/esercizi su costi.pdf,,4dd69ae6-f3bc-445b-a064-802b33e77534
googledrive,giacomomoscardini@gmail.com,0B6kQ8Li09nJDMmxzbHJoRmFjQkU,/Reicast/reicast-20140220_512.apk,,e591485b-4ec0-4292-8d5b-783ffc86ed82
googledrive,giacomomoscardini@gmail.com,1O3YDHyenF6V6Jr53DndfcogyZUGGsX2g,/San Gimignano+Siena/DSC_0316.JPG,,044e6a9b-1636-4720-9b8c-dd10508a7d15
googledrive,giacomomoscardini@gmail.com,0Bwz1vEaJ144DM2k4VEJwa3Nkb1k,/Il mio Drive/Università Drive/Economia/13 - bilancio di una famiglia.pdf,,4bad4133-f2a0-4532-ada5-c3f8fafb0175
googledrive,giacomomoscardini@gmail.com,1ifn28zV42tmb4juYMe_zafwTuCWvABH8,/Il mio Drive/Diseducatore/assisi-roma/Via Amerina Assisi-Roma.kmz,,0a19dc70-2632-4717-94bb-25c66e1e77f1
googledrive,giacomomoscardini@gmail.com,0Bwz1vEaJ144DWTVzWlk3dzlDZVk,/Il mio Drive/Università Drive/Economia/9 - cap 5_17 mar.pdf,,2700d71e-56b4-450f-881d-7ae396507d19
googledrive,giacomomoscardini@gmail.com,0Bwz1vEaJ144DaGZNaURUQWYwSms,/Il mio Drive/Università Drive/Economia/10 - La ragioneria.pdf,,54ca3fbc-47c2-4170-83a1-25cd5b11cacc
googledrive,giacomomoscardini@gmail.com,0Bwz1vEaJ144DWUE5X3BDcS1oQlU,/Il mio Drive/Università Drive/Economia/2 - ABC cap 2_2-3 mar 15.pdf,,a1a69a26-8ab6-48be-854b-3ffe7bbf6369
googledrive,giacomomoscardini@gmail.com,0Bwz1vEaJ144Da0RYM0w4TktoZ0E,/Il mio Drive/Università Drive/Economia/Syllabus economia aziendale 2014_15.pdf,,dfe731ab-0a3b-4c5e-8e2a-3816ccde036e
googledrive,giacomomoscardini@gmail.com,0Bwz1vEaJ144DUWdEZ2V6NXV0S1k,/Il mio Drive/Università Drive/Economia/16 - IVA.pdf,,0b617fd8-92be-44a4-8874-b769eaed3c2a
googledrive,giacomomoscardini@gmail.com,0Bwz1vEaJ144DVk9EQS16UjlHMTg,/Il mio Drive/Università Drive/Economia/18 - vendite.pdf,,2cc00711-b018-4900-8aa0-dd77101866be
googledrive,giacomomoscardini@gmail.com,0Bwz1vEaJ144DZkJnWldKVUh2WEVqM1BON04zeXhIN1I0SHU0,/Il mio Drive/Università Drive/Economia/4 - cap 4 -9 mar 15.pdf,,b3838dbc-75f1-423f-84eb-3c74f2c6dc9d
googledrive,giacomomoscardini@gmail.com,1S_EfrAwZFQjAvwUymmwqVbahnW3CiXiY,/San Gimignano+Siena/DSC_0370.JPG,siena,40d63b5c-5d49-4931-b8a1-58897013fbda
googledrive,giacomomoscardini@gmail.com,0B-FZcJH5IP7FbDllOVFUaFZtbUk,/P1000555.JPG,,2bd6f78f-b66e-4cce-b5f9-b0aeb34027d8
googledrive,giacomomoscardini@gmail.com,1wg76Gar59bUwRmPUwz-3Gk8FLhqwI7ZJqVQSkB2I-wE,/DECOSTRUZIONE DELLA RIFORMA ,,3b844a20-a1c8-4357-b938-607e644623de
googledrive,giacomomoscardini@gmail.com,0B2FG4wbnEIzvQmhoamxvejdRd1E,/xposed-v78-sdk21-arm64-MIUI-edition-by-SolarWarez-20151124.zip,,439c14d2-5247-4b37-9642-f2cedac5b2a6
googledrive,giacomomoscardini@gmail.com,0B-Fin8UxrD6PVGZyVHc1aTN5V2s,/RR MM for latte,,f5380259-dc50-474e-9218-b796abdc7c63
googledrive,giacomomoscardini@gmail.com,1RKtSHFARBdthS7khzxzurRDjk7n67jT3,/San Gimignano+Siena/DSC_0291.JPG,,04de08ef-7723-4cc2-93fd-74bcb9b903ab
googledrive,giacomomoscardini@gmail.com,1Rk0jEf4Warze1ab-k1sEgI-uinIomiSs,/San Gimignano+Siena/DSC_0354.JPG,,2d1de174-9d15-4531-8421-403d3c4e9c71
googledrive,giacomomoscardini@gmail.com,1qHIjAuUFOMz6wCWeLA_7-7psQdUQ6ZLI,/San Gimignano+Siena/DSC_0320.JPG,,80423072-5639-4f89-863c-9c8084dedf6d
googledrive,giacomomoscardini@gmail.com,1YxVF4oT1lLkPU3MO7WmufPuaX5T7FlDs,/San Gimignano+Siena/DSC_0313.JPG,,c7929ae0-b615-405f-b19d-3d76d391000e
googledrive,giacomomoscardini@gmail.com,1sjECY6BFxMZSJD45-XEtJgAOGWee5rte,/San Gimignano+Siena/DSC_0330.JPG,,87a5782b-b3cc-47d0-9ee8-cb5c266b1d33
googledrive,giacomomoscardini@gmail.com,1KEXfoYRGzYJeGp_vUSxvy7c9_6XGY6yA,/San Gimignano+Siena/DSC_0338.JPG,,99c7f889-8cc7-4fd7-94a3-5267d1b46965
googledrive,giacomomoscardini@gmail.com,1SPpa0s79lZztr5Nb-411yw0eb_bvK3VV,/San Gimignano+Siena/DSC_0314.JPG,,a1d43121-6a61-4b35-b1e7-992f1d48f4f2
googledrive,giacomomoscardini@gmail.com,1ZUO57_6sbw_ObsER_NgfSrd4GrBFfqH1,/San Gimignano+Siena/DSC_0356.JPG,,aff4b696-d387-4844-8833-1e2f44e3a9bc
googledrive,giacomomoscardini@gmail.com,0Bwz1vEaJ144DbVFOVEJuY3ZkMXc,/Il mio Drive/Barcellona/entradas.pdf,,2b81cd49-ee47-4a53-8c3b-909faffb0aab
googledrive,giacomomoscardini@gmail.com,0Bwz1vEaJ144DSHgyd1ZaeWJhcTQ,/Il mio Drive/Università Drive/Database,,823c598d-032c-40dc-bca2-83643a290fa3
googledrive,giacomomoscardini@gmail.com,0Bwz1vEaJ144DZXl0a0pzR0IzWHc,/Il mio Drive/Diseducatore/Riunione Consiglio Pastorale 8 Novembre 2016.docx,,a8551f77-f488-41b3-90e5-42e3107ec1e4
googledrive,giacomomoscardini@gmail.com,0Bwz1vEaJ144DUjBSa3U0ZzMzNHM,/Il mio Drive/Barcellona/Gestisci le tue prenotazioni - Booking.pdf,,c0939030-0d06-4074-a91b-5fe8d7262fb2
googledrive,giacomomoscardini@gmail.com,13Bb8YAc3CkC9tos1_TJzsPXdum-h5P-s,/Il mio Drive/pokemon/sprites_jaune.png,,e85a49a7-59fb-4b65-a8dc-a7feeb7bc6ae
googledrive,giacomomoscardini@gmail.com,1AlQRV1eb_yFtIWZZKV615HyRjsmW8nyY,/San Gimignano+Siena/DSC_0372.JPG,,55ca4447-c826-4be3-90ce-2372980caf8e
googledrive,giacomomoscardini@gmail.com,1ciopasqYH58gMIscE-dzqCPrhH10mqYC,/San Gimignano+Siena/DSC_0307.JPG,,635adc0a-a318-4369-af6b-9e731e23675a
googledrive,giacomomoscardini@gmail.com,1fGVBYuUklccuzBt0hs9NKnsBDRPa2kxY,/San Gimignano+Siena/DSC_0381.JPG,,6bfdf0e7-146c-47ee-98c5-c3f1a6e9e72d
googledrive,giacomomoscardini@gmail.com,14qvyjC8HIIxYTXlva6LOJMARU6OrPwze,/San Gimignano+Siena/DSC_0331.JPG,,7cb5b9d5-a679-4763-8d0f-04dd8316b827
googledrive,giacomomoscardini@gmail.com,1Ne624gSncwbgY0R3AZSCW_JAS-iK73jb,/San Gimignano+Siena/DSC_0321.JPG,,b9d96d83-6a7f-4a85-a5f9-afe8092a5011
googledrive,giacomomoscardini@gmail.com,1_Qj5Njvj-TLD-IZOzj2jh9gSgm5RCtN3,/San Gimignano+Siena/DSC_0319.JPG,,e08edf0c-0bac-46e6-84b4-d63653ead9d1
googledrive,giacomomoscardini@gmail.com,0B6kQ8Li09nJDVHlJMFdDLWFUTXc,/Reicast/reicast-20140206_367.apk,,01decb5b-7beb-4111-93b6-6da57baa82d2
googledrive,giacomomoscardini@gmail.com,0B5cBQm8RPqdUOXlVQktsQkdGWWM,/app-debug.apk,,0c524ad4-7d99-46fc-bb94-a91a96e3ac4d
googledrive,giacomomoscardini@gmail.com,0B3gagHy8lav6ZTdiOGYyMzYtMDFjNy00YWJmLWJmMGEtNmE5YjUyN2IzOTVk,/Kingdom Hearts (240x320).jar,,26aacc4a-fb6e-4b83-885a-f5af19bd407c
googledrive,giacomomoscardini@gmail.com,1CHVFa8RsxLSshpg4prYnHEJ6vkJa9jwEenzphYJxNS8,/Pokemon Structure,,35ae796e-2fff-4024-be49-38c6c9e216fe
googledrive,giacomomoscardini@gmail.com,0B6kQ8Li09nJDd1g2U1hkQnAzd1E,/Reicast,,40f92653-2913-4f06-94c4-115af844ceb0
googledrive,giacomomoscardini@gmail.com,0B-Fin8UxrD6PdUZNTFB5QWgxRVk,/TWRP_3.1.1.0_latte_x86_64-24052017-V2.img,,412f9cdf-0013-4400-9a19-29e199cdceb0
googledrive,giacomomoscardini@gmail.com,1PRlUlpVs3L1ylRudUcVLmE43Zc_CLyMf,/lineage-15.1-20180312-UNOFFICIAL-m8.zip,,c27b2fc7-c64c-42b1-86ba-72ec1ea38b5a
googledrive,giacomomoscardini@gmail.com,1qp5zKdmfGYRjRTb-7bU-vDId5eDdJaJJ,/arm,,c2c46bf1-4bb2-4131-a5e8-198f0fb54fd5
googledrive,giacomomoscardini@gmail.com,1Tl7f6p5Yff8w_Td8MbYVMfe7XcGr0mkTC_ZpsaiFJdY,/Vacanza picciotti estate 2017,,d6075bb5-ec7a-4c4b-8a01-b6eb01dcf681
googledrive,giacomomoscardini@gmail.com,0B1xsw2t1juz4MmEyYmw2ZlEwQXM,/SD_GPE_7.5_StockUI.zip,,d79f5907-176d-44e9-8141-86e5a895bde0
googledrive,giacomomoscardini@gmail.com,0B5KzhAIJcpmPS3AxRTlERW03ZFk,/MusicAll_alpha_1.apk,,f5d4ffbf-db56-4cf8-9d8a-8f3c9e72afbe
googledrive,giacomomoscardini@gmail.com,1JKZXDdCVyZXXeTmXRJRnnzBeVSjhHapLTvem9pK7DdE,/DomandePossibiliIs,,f7b72751-bb20-420c-ac9f-4d5a141dbdd7
googledrive,giacomomoscardini@gmail.com,11NdaWvdRWTswPhhGwjdbmuVcWin8QbI4,/San Gimignano+Siena/DSC_0284.JPG,,1f956bb9-e544-4e0a-bac6-2782c76bcaa9
googledrive,giacomomoscardini@gmail.com,1SMkQjdJQqi6OUw-NazXAbwBt3C3b6mIx,/San Gimignano+Siena/DSC_0359.JPG,,3f24b708-6b25-488e-bfaa-e55ae55acf77
googledrive,giacomomoscardini@gmail.com,0B6kQ8Li09nJDSVJOcDhqSGhNMlk,/Reicast/reicast-20140216_481.apk,,43fd5375-e198-4609-a1d6-fb96aeea3db5
googledrive,giacomomoscardini@gmail.com,1oV5sOamhT_Ty5BxRjugmz4OLBKkMiFv8,/San Gimignano+Siena/DSC_0294.JPG,,4ae5a811-78a3-4eac-bc65-bce4361a7e81
googledrive,giacomomoscardini@gmail.com,1pGDAKsnbkvfsJZKN8A9LqNHV0oSrYhm5,/San Gimignano+Siena/DSC_0293.JPG,,5a389ff6-787f-4f72-8934-0736262af5c4
googledrive,giacomomoscardini@gmail.com,0Bwz1vEaJ144DMllRYTk4V3ZTbk0,/Il mio Drive/Università Drive/Economia/24 - es 3 soluzioni.pdf,,ffe35031-ac90-48e6-901d-8831196d1e80
googledrive,giacomomoscardini@gmail.com,10PC_doJm1R7Gmru4Vu2GNVJo7iYgbpHy,/San Gimignano+Siena/DSC_0301.JPG,,0f5b25bc-3d8c-4340-a370-28965510d312
googledrive,giacomomoscardini@gmail.com,1Q3VPvsjj6ACMOD34GTa4---lMzh1aHk9,/San Gimignano+Siena/DSC_0281.JPG,,b6c7a775-8cdc-4cca-b6c3-ba588e52c176
googledrive,giacomomoscardini@gmail.com,1nrySQ0ItoQWCHTl0f_yRPkpBWZnnNgAB,/San Gimignano+Siena/DSC_0358.JPG,,d73c2672-818d-4182-addd-a6b2bede0bfd
googledrive,giacomomoscardini@gmail.com,0B6kQ8Li09nJDalpMUW52NHVicU0,/Reicast/reicast-20140213_448.apk,,eee16951-2e70-428e-ab22-f0e6c9b25966
googledrive,giacomomoscardini@gmail.com,0Bwz1vEaJ144DZXRmazRGTW81QmM,/Il mio Drive/Università Drive/Economia/15 - conto economico.pdf,,68ec64e7-1417-43d4-bb5a-43109b5756a9
googledrive,giacomomoscardini@gmail.com,0Bwz1vEaJ144DckRaQ0pPc3ZuM2s,/Il mio Drive/Università Drive/Economia/32 - esercizio 5 con soluzioni.pdf,,7e3668e4-b82c-491b-91fd-3f762af25e06
googledrive,giacomomoscardini@gmail.com,0B6kQ8Li09nJDUnZmc3hzMU9wTG8,/Reicast/reicast-20140127_283.apk,,2ff79997-69c6-497d-979a-9fbbc7d89630
googledrive,giacomomoscardini@gmail.com,1wEDUXWA0gP0KxBlVJ2EURz3RAcA9AMuw,/San Gimignano+Siena/DSC_0308.JPG,,449a5c48-6b94-4cbf-837e-509abac1c0e1
googledrive,giacomomoscardini@gmail.com,0B6kQ8Li09nJDME80TFlESE1GelE,/Reicast/reicast-20141215_1057.apk,,4a57a008-d2e4-42a3-840b-6e1ebfcda2d4
googledrive,giacomomoscardini@gmail.com,11KwUR4IWFJdRd8xwudc1FyHXUH_auHV1,/San Gimignano+Siena/DSC_0340.JPG,,7e4b23d0-c7b0-40e4-97fd-4a8193f7c4ed
googledrive,giacomomoscardini@gmail.com,1D6YTdzDnbrbykn4ZbTZBRscrh_p0Xddm,/San Gimignano+Siena/DSC_0296.JPG,,c68b3488-f5ba-4fac-b3da-f6eb788c6541
googledrive,giacomomoscardini@gmail.com,0Bwz1vEaJ144DYUhpd1IzVHJrdzA,/Il mio Drive/Università Drive/Economia/esercizio 1.pdf,,1d61ae2c-6894-4648-8301-fc151c7c2e2b
googledrive,giacomomoscardini@gmail.com,0Bwz1vEaJ144DT1NJLXFIQzNzUTg,/Il mio Drive/Università Drive/Economia/21 - es 1.pdf,,aab64013-328e-44f9-8a39-f3dc9ab90726
googledrive,giacomomoscardini@gmail.com,0B6kQ8Li09nJDU1Z0dE40d1ozenM,/Reicast/reicast-20140408_701.apk,,39e4d80c-99d9-4799-bea9-f5c6c6e130e8
googledrive,giacomomoscardini@gmail.com,1kgvg03IiWqv63AjzMzNZct_fIMqDzi9o,/San Gimignano+Siena/DSC_0391.JPG,,67add93e-ad0d-43cc-9c73-5daa72c5ac74
googledrive,giacomomoscardini@gmail.com,0Bwz1vEaJ144DeWxsVEo0LVpwUDg,/Il mio Drive/Università Drive/Economia/Sviluppo esercizio 2.pdf,,6f4e78b8-f5ff-44c8-99eb-106dfd74ffce
googledrive,giacomomoscardini@gmail.com,0B6kQ8Li09nJDTjQ5MDNybUo0OUU,/Reicast/reicast-20140606_768.apk,,8e206a55-b03f-4d68-9636-938db52f9494
googledrive,giacomomoscardini@gmail.com,0Bwz1vEaJ144DM0NjbXRTQzVaNFk,/Il mio Drive/Università Drive/Economia/3 - ABC cap 3_3 mar 15.pdf,,9c68fc1b-505c-4eb9-b728-2e72b1c96306
googledrive,giacomomoscardini@gmail.com,1lCD0YqWIDzExbdPyp1Fbyaw9JFhJ6gtr,/San Gimignano+Siena/DSC_0364.JPG,,9c7999ad-8dc9-493c-8ec3-da47346261f1
googledrive,giacomomoscardini@gmail.com,1twyE9-GepM_ii-nbyZ7ExlfkqkVwhbaV,/San Gimignano+Siena/DSC_0337.JPG,,0a5cdcc2-73ac-4bc6-ab9e-91e892f3c6ee
googledrive,giacomomoscardini@gmail.com,1UvTnZYmnoMKxO145BbwJNL0cCp-bdoWq,/San Gimignano+Siena/DSC_0336.JPG,,a9a4685f-94a8-4d8d-baed-32e38b88f379
googledrive,giacomomoscardini@gmail.com,1XC7rfvKvfMu3eDVsKApR9SZY4nIYE3dB,/San Gimignano+Siena/DSC_0311.JPG,,24195c91-2344-436e-963d-70ed267da190
googledrive,giacomomoscardini@gmail.com,1-NFPniqG8XKE386l_kxwwzC0pdaKmakY,/San Gimignano+Siena/DSC_0349.JPG,,db46908b-3af2-4a5d-b85b-63b9532ee234
googledrive,giacomomoscardini@gmail.com,15SvFCMOEv_ihAlprfYWchC3x-CDc27Pi,/San Gimignano+Siena/DSC_0362.JPG,,045e5055-9c1c-42a4-b0af-64920acc3cc9
googledrive,giacomomoscardini@gmail.com,1xzxbCZl7yeGLkxazynkP2nmlp9sNEoHU,/San Gimignano+Siena/DSC_0323.JPG,,2441dd18-dab0-4582-b183-a6061058969c
googledrive,giacomomoscardini@gmail.com,0Bwz1vEaJ144DUWxFeDNpRlM4SWc,/Il mio Drive/Università Drive/Economia/32 - I costi nel sistema di controllo.pdf,,6c0fb16e-9074-45ff-96b3-6e158cf34ab8
googledrive,giacomomoscardini@gmail.com,0B6kQ8Li09nJDSnRNbVQ5SGcxWEE,/Reicast/reicast-20140202_309.apk,,b1ac57c1-3670-4348-bc66-43816d08532d
googledrive,giacomomoscardini@gmail.com,0Bwz1vEaJ144DeE5qeVdlRngydE0,/Il mio Drive/Università Drive/Economia/soluzioni esercizi su costi.pdf,,05db0663-ee0a-4ca0-acb3-c8680f544c7c
googledrive,giacomomoscardini@gmail.com,0Bwz1vEaJ144DR3hUSHVpZjlvYUk,/Il mio Drive/Università Drive/Economia/24 - es 3.pdf,,06e1a9f2-e65d-4bf8-8297-60f9774d3068
googledrive,giacomomoscardini@gmail.com,0Bwz1vEaJ144DZjNCRTZtNVdkZ1k,/Il mio Drive/Università Drive/Economia/34 - costo di prodotto e cdc.pdf,,320376fe-1561-41d3-a468-a0d8c6fca473
googledrive,giacomomoscardini@gmail.com,0Bwz1vEaJ144DUUFVSk0taHNXdGM,/Il mio Drive/Università Drive/Economia/5 - cap 17 -9 mar 15.pdf,,a90ab6c6-be47-4262-8426-7649852410f3
googledrive,giacomomoscardini@gmail.com,0Bwz1vEaJ144DVUJXaW9rZjZGbkk,/Il mio Drive/Università Drive/Economia/6 - Classificazione delle aziende -10 mar 15.pdf,,d80b1346-8db7-46a7-80bb-21fbe0859140
googledrive,giacomomoscardini@gmail.com,0Bwz1vEaJ144DSlhabjhNbGZqWGs,/Il mio Drive/Università Drive/Economia/es utile obiettivo netto imposte.pdf,,118c49b6-58ed-4d1a-a243-366c9f0357a5
googledrive,giacomomoscardini@gmail.com,1M0wMMdmROcYHIj6vblXmumRD-d3VF6JI,/Il mio Drive/Diseducatore/assisi-roma/Via Amerina Assisi-Roma.gpx,,1e3281c0-d5e6-4683-8bef-1392ebb3284d
googledrive,giacomomoscardini@gmail.com,0Bwz1vEaJ144DWUR5QmRjc2tQMkk,/Il mio Drive/Università Drive/Economia/29 - riclassificazione di bilancio.pdf,,24b7ac2e-b9ad-4eef-9632-5da6336179af
googledrive,giacomomoscardini@gmail.com,0Bwz1vEaJ144DOUhXMzZXa3B6azQ,/Il mio Drive/Università Drive/Economia/30 - riclassificazione SP.pdf,,2560e285-b588-4552-abd9-7d970dd27063
googledrive,giacomomoscardini@gmail.com,0Bwz1vEaJ144DZ294bmVWWFVJbjQ,/Il mio Drive/Università Drive/Economia/rimanenze.pdf,,2de565ad-bdf5-4cbf-9bab-227841fcc7c9
googledrive,giacomomoscardini@gmail.com,0Bwz1vEaJ144DQm5EV05hLVd1NkE,/Il mio Drive/Università Drive/Economia/31 - ESERCIZI DI RICLASSIFICAZIONE DI BILANCIO E INDICI.pdf,,544f1032-d1b5-4ba0-a0f7-97035d433ef4
googledrive,giacomomoscardini@gmail.com,0Bwz1vEaJ144DNER4eGs2MXQyN1E,/Il mio Drive/Università Drive/Economia/19 - alcune registrazioni.pdf,,95187a63-d6ea-4a17-9504-b688e68a2285
googledrive,giacomomoscardini@gmail.com,0Bwz1vEaJ144DNGVOUGdsSk5GZXM,/Il mio Drive/Università Drive/Economia/es analisi differenziale.pdf,,96fc9a63-6f5e-452f-a820-859a640cf6c2
googledrive,giacomomoscardini@gmail.com,0Bwz1vEaJ144DdUl3OHg1alJ4Q0U,/Il mio Drive/Diseducatore/assisi-roma,,20aa5b6a-4083-45fe-82c7-b628541bc5d4
googledrive,giacomomoscardini@gmail.com,0Bwz1vEaJ144DUTRuWWFsZWZsZFpydmY5czJuSTk3WG1Za0NR,/Il mio Drive/Diseducatore/Alcune Info per settimana comunitaria.docx,,2baccf18-746e-422f-b9f3-0fa356812821
googledrive,giacomomoscardini@gmail.com,0Bwz1vEaJ144DZlBzZmw0b2Q4M3c,/Il mio Drive/Barcellona/bcnshop.barcelonaturisme.com_ECV_hub_showvoucher2.pdf,,75464382-29da-495e-bc41-6b1c5dc41047
googledrive,giacomomoscardini@gmail.com,0Bwz1vEaJ144DNEQtN3Q1N2FVaU0,/Il mio Drive/Barcellona/bcnshop.barcelonaturisme.com_ECV_hub_showvoucher.pdf,,7cc472db-c86f-4bcd-8541-0329425cabb1
googledrive,giacomomoscardini@gmail.com,0Bwz1vEaJ144DbmxTWG5kYlFQMGc,/Il mio Drive/Università Drive/Calcolatori,,b2bcda19-1ca5-4099-bb1d-7e23f7409f4b
googledrive,giacomomoscardini@gmail.com,0B6kQ8Li09nJDNmptcEtndUpTeEE,/Reicast/reicast-20140128_285.apk,,a3a76dfd-9290-4361-9012-6ec11c468aec
googledrive,giacomomoscardini@gmail.com,1JGdfWk-B6BVcNF8gxPp4ExRnALe_cwFm0AVTt17_q78,/Il mio Drive/Diseducatore/samuel elenco 2016 2017,,bf7d3258-1eaa-49d4-94ea-2aa12b04989b
googledrive,giacomomoscardini@gmail.com,0Bwz1vEaJ144DcW1TMllOSFh0dHc,/Il mio Drive/Università Drive/Economia,,c2064f33-83e3-499c-9941-191b603823d4
googledrive,giacomomoscardini@gmail.com,0Bwz1vEaJ144DNXNITTlXRGpWQnFGZDB1dU45Z3RkNWxKdHZN,/Il mio Drive/Diseducatore/consiglio pastorale verbale mercoledi 18 gennaio 2017.docx,,c6f660c5-2e94-4425-a59a-838f13b4030d
googledrive,giacomomoscardini@gmail.com,0B6kQ8Li09nJDUGxNWk9vN1IwbW8,/Reicast/reicast-20140219_512.apk,,c8f8b3ff-9e07-4f8d-84f9-f4af55e4a23e
googledrive,giacomomoscardini@gmail.com,1yGoljgpxaXvGsKF9r2hX6TIzldnTO4ET,/San Gimignano+Siena/DSC_0345.JPG,,a2eb25fa-b6e2-4498-973b-b4e56e8f69a8
googledrive,giacomomoscardini@gmail.com,11CyS9mOp6Yu1gHP0yeAu_laQ9SpyIGoX,/San Gimignano+Siena/DSC_0318.JPG,,c192c4ee-7deb-4e3e-8736-e8f55f1cd358
googledrive,giacomomoscardini@gmail.com,0B6kQ8Li09nJDR3BqR1BRXzlINXc,/Reicast/reicast-20141221_1070.apk,,de26fe9b-82a4-4497-b3dd-781dcdceecc9
googledrive,giacomomoscardini@gmail.com,1nWK7IkfwpH3v_A-PhORZ9twUzqIAIgPa,/San Gimignano+Siena/DSC_0333.JPG,,e6af2519-d3fb-4f9d-abb0-de3506eee05c
googledrive,giacomomoscardini@gmail.com,1F6e-HnKqsob3M16VZXYcIpnzhq_KSVOG,/San Gimignano+Siena/DSC_0267.JPG,,e0cf3b84-afd5-4946-a654-69d157506be5
googledrive,giacomomoscardini@gmail.com,0B6kQ8Li09nJDQXl2Yk5xWkE4YUU,/Reicast/reicast-20140920_821.apk,,fdfc32cf-9200-42b1-883a-0fc13c6ded2f
googledrive,giacomomoscardini@gmail.com,0Bwz1vEaJ144DbWNZU3M5UTBQVGc,/Il mio Drive/My Tracks,,14f36bb9-09d2-4f14-91e2-9e379f1fc0ce
googledrive,giacomomoscardini@gmail.com,161sMbRlNdtfNhiK35MjZDt7Fukmg7aIz,/San Gimignano+Siena/DSC_0305.JPG,,50fcfd32-a343-4828-b22f-26efe4aa596f
googledrive,giacomomoscardini@gmail.com,110Hgmwll6ohmD-UFBxqJNGEHds4I-eFT,/San Gimignano+Siena/DSC_0279.JPG,,5ab2a244-b9ce-4ca4-89f2-0f3088f67831
googledrive,giacomomoscardini@gmail.com,1WrSC65eS9ZCisCrcvamLtTasVmZAUCVJ,/San Gimignano+Siena/DSC_0350.JPG,,60badd28-b68a-4586-9eb5-b4ec08520633
googledrive,giacomomoscardini@gmail.com,1rW9LKteog0jAgKMA3TIYtPkTFmfY8dRm,/San Gimignano+Siena/DSC_0375.JPG,,be47694c-ace2-4c93-a95b-18bedfe2f752
googledrive,giacomomoscardini@gmail.com,0B6kQ8Li09nJDNHlkQ1dfaWdiSmc,/Reicast/reicast-20141021_849.apk,,03528f97-8181-41c3-a8c6-62b417a93a16
googledrive,giacomomoscardini@gmail.com,1OvzcOihsz3LXAVkhvWBPlQu0hf7VnAMB,/San Gimignano+Siena/DSC_0324.JPG,,b2008863-4855-46db-ba52-1cb0defd8c14
googledrive,giacomomoscardini@gmail.com,0ByeZ3h3mdMpSd1djNm94S1gzQUE,/M8/Beanstalk Nougat /BeanStalk-7.1.2-20170403-m8.zip,mr bean,be853349-da42-45d9-b7e8-2b39b63c7550
googledrive,giacomomoscardini@gmail.com,1upkny4wcEA0s02ENtS0Nc-pGXUPWCKSjfywRefnPTsk,/Metagame Specialist Position,,266243a9-ccb5-4308-ac09-b09c5f6ddc44
googledrive,giacomomoscardini@gmail.com,0B66VHvHYrJ9vaFc2SnBxNTZJbFU,/IMG_6308.JPG,,5649093c-ad53-489f-b05a-a307a56a2e97
googledrive,giacomomoscardini@gmail.com,1D_V4iYrdVh6dY1UBsUPRMTHfrNTgWpGku5YOWltOC7M,/Texpert 5.0 Promo,,95353a7d-2144-4db5-a279-18de4a31b1b7
googledrive,giacomomoscardini@gmail.com,0B8deuP4KW_MgOUdjZGI2dGttZmM,/Tweaked_pnp_thermal_ivicask_HTC_M8.zip,,aac44eda-9a71-45fe-b0a3-4ae327ada09b
googledrive,giacomomoscardini@gmail.com,0B-Fin8UxrD6PTlhzR3BhQUNzam8,/lineage-13.0-20171008-UNOFFICIAL-latte.zip,,b3c1d31b-7d68-4344-8b8a-8ed9d2916ec1
googledrive,giacomomoscardini@gmail.com,0B-FZcJH5IP7FNTNTRE0wUXB6N2c,/P1000525.JPG,,c145de7e-43dc-46f4-8621-72e20dd837a5
googledrive,giacomomoscardini@gmail.com,0BxZC8R-cnl8ZSHJnTWkzOHRZeXM,/pokemon_silver_legend_beta_2.gba.zip,,d1c62b02-7b8f-4057-94fb-f28ed77f4675
googledrive,giacomomoscardini@gmail.com,1OMVCt1nbndrXFeLtC56xXH19Frax7Psw1xVhgkgGg7k,/Android Meetup Overlay Theming Talk,,e0f6a9a0-e237-46a7-8fa5-3ef65aa6378c
googledrive,giacomomoscardini@gmail.com,0ByeZ3h3mdMpSMWF4TDg2XzFMb2M,/M8,,f6cfb134-7423-48b3-9227-e7fe5e668468
googledrive,giacomomoscardini@gmail.com,1cSSflD8U7up71p0pBDhMy4KYV8q3HN6k,/CoolADB.dll,,f7ff184f-4f20-4d17-bdcd-8c1895efdfef
googledrive,giacomomoscardini@gmail.com,0B6kQ8Li09nJDNDNjVTJnVExYZm8,/Reicast/reicast-20140203_319.apk,,066671fe-e939-41bf-8ccc-67ee11bb2a20
googledrive,giacomomoscardini@gmail.com,1ZTlGsbvBkeUSuacH2ComVQ5jaXIplqPt,/San Gimignano+Siena/DSC_0395.JPG,,09d5f397-2920-4fcb-acd5-e2280a7ef9e6
googledrive,giacomomoscardini@gmail.com,0B6kQ8Li09nJDVzVQODF5NmVuNDQ,/Reicast/reicast-20140130_317.apk,,2b459586-e371-4344-b79e-84b5a08cf9ad
googledrive,giacomomoscardini@gmail.com,1NUz4A_w5comOplBgiSSP9yko8srNYPKW,/San Gimignano+Siena/DSC_0383.JPG,,2c4c3b33-280f-476a-bda5-9371d80eb551
googledrive,giacomomoscardini@gmail.com,0B6kQ8Li09nJDakFtZy1kTl93LWM,/Reicast/reicast-20141107_866.apk,,4b3a19f3-e1f3-4b54-9ed3-b3a01b1bec7a
googledrive,giacomomoscardini@gmail.com,1FFmUlWxsRrxCSgDtAWlvJa6Ez_lc6Mgp,/San Gimignano+Siena/DSC_0355.JPG,,5471419b-33cb-4863-81e9-fc3ad9a1fa4b
googledrive,giacomomoscardini@gmail.com,1R1z3HDDarpeGovrkFrbSPQslcdsJsqv3,/San Gimignano+Siena/DSC_0341.JPG,,791c253d-eb65-4cfd-9c7a-32419dbca34d
googledrive,giacomomoscardini@gmail.com,0B6kQ8Li09nJDcFVHTnlJQVBjZnM,/Reicast/reicast-20140125_252.apk,,7ed81c54-fb4c-4512-9946-04f5dfbc93a6
googledrive,giacomomoscardini@gmail.com,1Csp8mx2JNK1rSZUjmUJYnw_3jvFPQRiN,/San Gimignano+Siena/DSC_0326.JPG,,90fb0093-c828-4a48-84a1-1ad64f0e2c73
googledrive,giacomomoscardini@gmail.com,1N0rerRQkmKA7xT8B-FboAACaM_Q6yUnt,/San Gimignano+Siena/DSC_0347.JPG,,a85b7363-fe3b-4369-bd8f-db93fd81f5b7
googledrive,giacomomoscardini@gmail.com,1yCrUvtd3m5hJKAM4KpmCWntxxBjlASlA,/San Gimignano+Siena/DSC_0357.JPG,,330f8dc0-6d24-45e3-a32f-304ee70845a3
googledrive,giacomomoscardini@gmail.com,1tCd8aMXaHw8mwUZJDYsFL6b0aQxAA9jX,/San Gimignano+Siena/DSC_0367.JPG,,88fba52d-0afc-45b1-9902-b59d7a7ccfe7
googledrive,giacomomoscardini@gmail.com,1hHMAj70qt2YnaK90nRKYGeJbiF5ObCy2,/San Gimignano+Siena/DSC_0363.JPG,,facf3db5-2398-42ac-891b-5606a18a149d
googledrive,giacomomoscardini@gmail.com,0B6kQ8Li09nJDMU03MWtiRHNlLW8,/Reicast/reicast-20140214_459.apk,,0ddbaf3c-cfb1-40cc-855a-a90f1a19f6c9
googledrive,giacomomoscardini@gmail.com,1eSpo_AVO5cbhKoFpkZhCAuhCHyGlRygw,/San Gimignano+Siena/DSC_0302.JPG,,44847fb8-e849-45cd-beb8-853bce6cc693
googledrive,giacomomoscardini@gmail.com,1aVHzps_YP0bLtbX_xzF_XY9_I-DkXMGy,/San Gimignano+Siena/DSC_0360.JPG,,4d581d3f-41c0-4eef-9aea-580822bae51f
googledrive,giacomomoscardini@gmail.com,1XDbguDPgViu-7ovFdXdQ3Nn0pzwjnqGw,/San Gimignano+Siena/DSC_0300.JPG,,da6044b5-a237-452c-ac8d-016e33394162
googledrive,giacomomoscardini@gmail.com,1Q8xmoT-u6iOy3L0M55J5Bdme7GxkuSOn,/San Gimignano+Siena/DSC_0385.JPG,,30944bd8-134f-41e8-babe-ca47df79a1f2
googledrive,giacomomoscardini@gmail.com,0Bwz1vEaJ144DalZlblVMSVZmVVU,/Il mio Drive/Università Drive/Economia/es analisi costi volumi risultati.pdf,,983c0893-384b-43f6-9083-55bb00868b94
googledrive,giacomomoscardini@gmail.com,0Bwz1vEaJ144DNTZmeXNVRGlGeXc,/Il mio Drive/Università Drive/Economia/12 - il modello di bilancio il conto.pdf,,b909041e-bb25-40c9-b1c8-afaeb0f3c6df
googledrive,giacomomoscardini@gmail.com,0Bwz1vEaJ144DMWpoaXlxWFZaclk,/Il mio Drive/Università Drive/Economia/7 - cap 9 integrato.pdf,,c4aaa9a5-993d-413d-a2ab-d8f57da8d86a
googledrive,giacomomoscardini@gmail.com,1TB2cXsUuWC3Tf_edH-9lUZytX1g5J2k_,/San Gimignano+Siena/DSC_0278.JPG,,cec3f3fd-efac-4eb6-ba3c-41b92a075153
googledrive,giacomomoscardini@gmail.com,0Bwz1vEaJ144DUjhBZVFLV3Q5UVU,/Il mio Drive/Università Drive/Economia/COSTO LAVORO.pdf,,f4af50d2-cf8b-40e2-8226-17bda8004927
googledrive,giacomomoscardini@gmail.com,1PDPKRc2HUsu4ioapXO4ziHnWMGo4Xih5,/San Gimignano+Siena/DSC_0371.JPG,,1165baa9-24fb-49ff-8556-59a998704c4b
googledrive,giacomomoscardini@gmail.com,0Bwz1vEaJ144DbVk1WXkyWXk5ak0,/Il mio Drive/Università Drive/Economia/20 - le immobilizzazioni e ammortamento.pdf,,fcf2a691-57ba-4481-b4c4-769e8a4cd579
googledrive,giacomomoscardini@gmail.com,1AO7VUSI7EVUH15gXWprRRHAIPgsUwW6e,/San Gimignano+Siena/DSC_0287.JPG,,2f065d88-2cc6-4da3-861e-d9029714198a
googledrive,giacomomoscardini@gmail.com,11kd0gKrFlQD2xJP5J4NIhGFrZdbz6o2O,/San Gimignano+Siena/DSC_0290.JPG,,43bc1a2f-bc2b-4624-9963-336c2eb607bc
googledrive,giacomomoscardini@gmail.com,1QuzIpVpCkBGeY-0I_Z4AryUA3RGLRhFb,/San Gimignano+Siena/DSC_0394.JPG,,643f5d4d-448b-48f2-8a81-802a3ded6462
googledrive,giacomomoscardini@gmail.com,0B6kQ8Li09nJDRHBiYkFVb1E2Wk0,/Reicast/reicast-20140513_740.apk,,792271f1-744c-4d03-86a2-0abf86c52fc4
googledrive,giacomomoscardini@gmail.com,1olsyEDibAYsfrflVmMhjYapcbP-R0_3c,/San Gimignano+Siena/DSC_0393.JPG,,8e2ec471-0ad6-4b93-a5c7-4c126bf3869a
googledrive,giacomomoscardini@gmail.com,0B6kQ8Li09nJDb1JsaV8yd0dkQzA,/Reicast/reicast-20140227_571.apk,,92cde276-1794-4e1c-8f7c-200699023e62
googledrive,giacomomoscardini@gmail.com,19I2cKdsnvontqNOecPX0ba-Man1D5eZf,/San Gimignano+Siena/DSC_0387.JPG,,ab51cba6-e425-4bd3-8a7b-81893b45a33f
googledrive,giacomomoscardini@gmail.com,0B6kQ8Li09nJDMjEzbjQ4WEFxLW8,/Reicast/reicast-20150115_1094.apk,,cecbffe1-fe25-4d9e-b848-8af17cd013e6
googledrive,giacomomoscardini@gmail.com,1DQetj-6CBaSrTcfBSRzWjuLFQ1UbnhqL,/San Gimignano+Siena/DSC_0322.JPG,,26fb08fd-19ef-4c20-bfa4-39839d5c1a0a
googledrive,giacomomoscardini@gmail.com,1gNanDjxpn6h2vXYprD1kvkf96gqlMvuH,/San Gimignano+Siena/DSC_0276.JPG,,2be31138-680f-40fc-8e23-d332391d6dae
googledrive,giacomomoscardini@gmail.com,13UC6VoFNLnKWB70_7UTRypUgbIBNfk4g,/San Gimignano+Siena/DSC_0384.JPG,,4a5b34d7-ccf8-4afd-8603-b31c9a27190e
googledrive,giacomomoscardini@gmail.com,0B6kQ8Li09nJDckl5Rk5vT29SLVE,/Reicast/reicast-20140130_312.apk,,5e5518e1-9291-41af-b6f5-4cd00052e477
googledrive,giacomomoscardini@gmail.com,1eAmY6P8gqaKwJkK28beyQntVqJcaCsL9,/San Gimignano+Siena/DSC_0285.JPG,,80fea45c-1680-483d-a104-619a6b0c406f
googledrive,giacomomoscardini@gmail.com,1c9nD3x8uhCIcN48tJkjvCbSPXYLsHDhE,/San Gimignano+Siena/DSC_0271.JPG,,b85d244b-3a87-4eda-85dc-f7bb25d4d54e
googledrive,giacomomoscardini@gmail.com,0Bwz1vEaJ144Da0xVdmFaSEk2T1E,/Il mio Drive/Università Drive/Analisi,,1b300c78-14c1-4661-a207-17a96ffb44dd
googledrive,giacomomoscardini@gmail.com,1WKPtrwt7wI_jYznNlPeb3us6jG5B1o87,/Il mio Drive/pokemon/all_646_pokemon_sprites_by_turbobrycerox-d3h2t3w.png,,2cc8974d-8245-42b1-9fe3-80f5c6a628d3
googledrive,giacomomoscardini@gmail.com,0Bwz1vEaJ144DcGtxemlsR1RpS28,"/Il mio Drive/Vacanza Picciotti 2017/Itinerario di Viaggio Airbnb, Codice di Conferma HMH5W58QRP.pdf",,5138935e-ca8f-4c1a-be76-7cd68742e8c5
googledrive,giacomomoscardini@gmail.com,16jGTzm253NVmzBvp84HdQTgLI2sjy2la,/Il mio Drive/pokemon/kfdy0Ra.png,,7bf283ee-3439-499f-8cb1-49ff10852b05
googledrive,giacomomoscardini@gmail.com,1p-K1168C3u3dfoYOrADFFBflLo5qhJ_c,/Il mio Drive/pokemon/pokemon_green___red_blue_comparison_sprite_sheet_by_fimxscootaloo-d5iqjvd.jpg,,98318bd9-327f-4210-abdc-c90d7b68fc3a
googledrive,giacomomoscardini@gmail.com,1r5mqlGy_sj_8AEX2rO6SjHPMPckVaSp0,/Il mio Drive/pokemon/UoFWQZg.png,,fb9a9045-5461-4f89-9423-a8183eb05060
googledrive,giacomomoscardini@gmail.com,0Bwz1vEaJ144DRFhSeFpVSXB2Rzg,/Il mio Drive/Università Drive/Economia/25 - es 4.pdf,,17f06610-9043-42ba-97b5-4637839d2d80
googledrive,giacomomoscardini@gmail.com,0Bwz1vEaJ144DRk94Zy1wVThkS3M,/Il mio Drive/Università Drive/Economia/4 - cap 4 -9 mar 15.pdf,,3c9deb54-80ff-411a-9ae9-d44ed576eceb
googledrive,giacomomoscardini@gmail.com,0Bwz1vEaJ144DejViWXFwdzVxczg,/Il mio Drive/Università Drive/Economia/Caso studio.pdf,,0085a47e-bab6-4b35-bc77-7708caa09b34
googledrive,giacomomoscardini@gmail.com,0Bwz1vEaJ144DdzZTeVJQSnJwLW8,/Il mio Drive/Università Drive/Economia/esercizi libro testo costi.pdf,,04fceb2a-5c4b-41ba-8369-eb5bc5488834
googledrive,giacomomoscardini@gmail.com,0Bwz1vEaJ144DclJtUlg5aUJmbVU,/Il mio Drive/Università Drive/Economia/es analisi costi volumi risultati 2.pdf,,4ac4ea13-be7d-40d0-9984-8410452fe4f3
googledrive,giacomomoscardini@gmail.com,0Bwz1vEaJ144DejZNNmZZTHNOWE0,/Il mio Drive/Università Drive/Calcolatori/Calcolatori.zip,,e3186b9a-a516-4a18-9ff2-908cafbeeaaf
googledrive,giacomomoscardini@gmail.com,0Bwz1vEaJ144DWjJpS3FNa2phd2M,/Il mio Drive/Università Drive/Economia/8 - cap 15_16 mar(1).pdf,,501fd158-a16b-48dc-a600-808605016912
googledrive,giacomomoscardini@gmail.com,0Bwz1vEaJ144DTWdFVDFXOUVGa28,/Il mio Drive/Università Drive/Calcolatori/Calcolatori 2.5.zip,,ba6b528a-9452-42bf-8c68-61078f9ee6ed
googledrive,giacomomoscardini@gmail.com,1KysGhTiMNx6TPsrl2R6TG1EjKv5E4Fi4,/San Gimignano+Siena/DSC_0352.JPG,,24733c2d-5334-4bba-92a9-32648a1cc134
googledrive,giacomomoscardini@gmail.com,1C3skIgaeSIRL1D3ZpazXzLFP211pPz1b,/San Gimignano+Siena/DSC_0344.JPG,,388c5c2a-f3ac-4def-977f-3d9114e61d6d
googledrive,giacomomoscardini@gmail.com,1jcpUGFIebqf7vF4wRh_N_ltPQMk9cb7r,/San Gimignano+Siena/DSC_0310.JPG,,d68f7bf9-6fcb-4578-aad4-a80460e9f9ff
googledrive,giacomomoscardini@gmail.com,1SiYKDKmqNeclz7TbiNN2pCh31k_lvVsT,/San Gimignano+Siena/DSC_0329.JPG,,e19d05e9-405a-4c41-b3e9-400bf9bf1ddc
googledrive,giacomomoscardini@gmail.com,1FQDKcCBlplnS3PDpPVWGigo0WL7YXMLa,/San Gimignano+Siena/DSC_0339.JPG,,f375d161-660b-4248-bf61-1761db5be8ba
googledrive,giacomomoscardini@gmail.com,0Bx43MGCMuCJcOGdTY0Fvb0VmaTg,/MinTube0.97.apk,,2b955696-e4d5-44a9-a587-5ad1d3d833e0
googledrive,giacomomoscardini@gmail.com,0B3FawU607bPSUW5rVnF4VVhuQ0U,/SmartHome_4.0.3_by_xC.apk,,19c14547-c54c-4693-bcbc-5905f5e2de9c
googledrive,giacomomoscardini@gmail.com,0BwQ483KdH3rlSV95ZDhEVnpnV0k,/RR-N-v5.8.5-20170926-m8-Final_[Team-M8_Kernel].zip,,209c8464-ea60-439e-8aee-e8d0d694722a
googledrive,giacomomoscardini@gmail.com,0B66VHvHYrJ9va1BwSE9FSWM3VHM,/IMG_6371.JPG,,5e0dc276-5659-41a1-bb22-33d79960e75e
googledrive,giacomomoscardini@gmail.com,1Ihu49eNLj2gTjtyLxDeDp-2WLETFbQy5,/lineage-15.1-20171227-UNOFFICIAL-m8.zip,,6351f4ab-a67f-4abe-a28c-6364d8d62c26
googledrive,giacomomoscardini@gmail.com,0B4bPQ5dSJDeZTTZVb0N1Qk4xNzg,/VGBAnext - GBAGBCGB Emulator v5.2.4 Apk by Apkforlife.com.apk,,71e209ea-68fb-4033-b6dd-4d2cb28da7cb
googledrive,giacomomoscardini@gmail.com,0B4Kx-tvKVhBxUWtYZ2Q0eUNSSmM,/L speed_v1.4.5(RC0).zip,,7666e18c-af90-4b40-955d-8c0b9cae1b8a
googledrive,giacomomoscardini@gmail.com,0B-FZcJH5IP7FMUJIc295YTVQRnc,/calendula.jpg,,c250bd23-f86a-4436-b337-d5ed3cfcc72c
googledrive,giacomomoscardini@gmail.com,0B3FawU607bPSVlBsbmRoOTdOMDQ,/Xiaomi by xC,,cd3369ef-c72b-4258-95ef-fb7a38030c4a
googledrive,giacomomoscardini@gmail.com,0BzE-7QK1w4JsdS00SUZLaVlVSUU,/NetEase_2.5.4_SPANISH_HTCMANIA.apk,,f3d9da40-7583-4359-b3e7-8e722e84d9bb
googledrive,giacomomoscardini@gmail.com,1DX9S5y0Hro6Dtbf7Dlbx0SFy42HeoFgN,/San Gimignano+Siena/DSC_0303.JPG,,0bb37962-d1a0-49cd-a4e3-397615dbd109
googledrive,giacomomoscardini@gmail.com,0B3FawU607bPSV2VoY25SMDd3MlE,/Xiaomi by xC/YI Home,,122e34da-b7ef-4d3d-ae82-910af9b5c71f
googledrive,giacomomoscardini@gmail.com,0Bwz1vEaJ144DWUEtZ2VfQW5SQ003ZG0wUWJUZ2FlRkdCVWV3,/Il mio Drive/modelli per trasferimenti privati.pdf,,2105f237-f5f2-4d53-826b-2e84ea59112a
googledrive,giacomomoscardini@gmail.com,1MU6TOSklNpiz_Oc1CqF32JxCexibHp38,/San Gimignano+Siena/DSC_0270.JPG,,296d77b9-34a3-411c-a376-f380e6494332
googledrive,giacomomoscardini@gmail.com,1bBI_51Xxd_zy05BB_WxQ-HW35HItmn7t,/San Gimignano+Siena/DSC_0376.JPG,,80f1d189-de26-45a1-af96-cd5a379bc619
googledrive,giacomomoscardini@gmail.com,0Bwz1vEaJ144DM2NKRXRqUE9XblU,/Il mio Drive/Diseducatore,,83eb9932-c139-4a77-bb65-f703e97d64bf
googledrive,giacomomoscardini@gmail.com,1UoSr0GPEh_blmChuxZqeL__Zl0BepZ3y,/San Gimignano+Siena/DSC_0334.JPG,,967481ed-55e6-4d68-a186-ba04fbe7b479
googledrive,giacomomoscardini@gmail.com,1xKkeTnpOY9UZMVNwRV7JiPB02teR5kpT,/San Gimignano+Siena/DSC_0335.JPG,,ef1a4e37-b566-4795-ad27-47fd3d136d0b
googledrive,giacomomoscardini@gmail.com,1mLnZqzVdDp6V9T8mgYa7dbqVh6M51N5S,/San Gimignano+Siena/DSC_0343.JPG,,41dab025-ae8a-4a92-9460-33a4166fe84a
googledrive,giacomomoscardini@gmail.com,16JXgTpT50cFDkTLg9xYxLhXNKDuvbwEQ,/San Gimignano+Siena/DSC_0366.JPG,,a08839c6-99b2-4703-9dc5-235fc508e138
googledrive,giacomomoscardini@gmail.com,1jqZUy2rn7lisB5XPBxiZ8Yj4drnyoBEc,/San Gimignano+Siena/DSC_0312.JPG,,a912a254-f2c6-4868-b316-706426b10cc4
googledrive,giacomomoscardini@gmail.com,0Bwz1vEaJ144DZVpyQUliRmZTbkE,/Il mio Drive/Università Drive/Economia/26 - esercizio scritture con soluzioni.pdf,,19742c75-594b-4494-9523-bd1e83888b8c
googledrive,giacomomoscardini@gmail.com,0Bwz1vEaJ144DX1VWaFdDdm9CblE,/Il mio Drive/Università Drive/Economia/es punto di pareggio.pdf,,4d333bb8-57e2-4778-ab75-2a55dfe4c5a2
googledrive,giacomomoscardini@gmail.com,1LscD6yuWAqWwr-kqw4Sh4aHHT02YuE3z,/San Gimignano+Siena/DSC_0373.JPG,siena,ab51e41a-73c2-498e-a0dc-a812615a55af
googledrive,giacomomoscardini@gmail.com,10x-alPYfIkJApe8vn1uDNunRRrnpOYSR,/San Gimignano+Siena/DSC_0397.JPG,,c9244d77-ed36-4f57-b413-78a754cc5d8b
googledrive,giacomomoscardini@gmail.com,1LC4YNrTnfR5RlC_qVxgzteOh-vc4EHbk,/San Gimignano+Siena/DSC_0368.JPG,,240ecd1b-4602-4d47-aa7d-acfbaa3097e1
googledrive,giacomomoscardini@gmail.com,1QwsrTspFc9NLPr7FF5ZZ_CJEWIgKxJXw,/San Gimignano+Siena/DSC_0295.JPG,,36cd8b78-94f4-4e62-bf7d-0a9d1e32bd48
googledrive,giacomomoscardini@gmail.com,0Bwz1vEaJ144DRmlndXJjZC1UOWxjVG4xb3NoU2RjWmpmREk0,/Il mio Drive/Università Drive/Economia/9 - cap 5_17 mar.pdf,,8773350f-a682-42be-b793-7e028522c95a
googledrive,giacomomoscardini@gmail.com,1lwUw1ZROGI5dQ4P5FnY-AfmbWXjzzy2e,/San Gimignano+Siena/DSC_0289.JPG,,99143b9a-0595-45ea-889a-c4e1a26afb0b
googledrive,giacomomoscardini@gmail.com,174JCEZOd79q1eNUkHpWrHbE2WwcQ1G4z,/San Gimignano+Siena/DSC_0274.JPG,,cd16817c-38eb-4350-a555-2b785c2615f2
googledrive,giacomomoscardini@gmail.com,0Bwz1vEaJ144DNlVTRDl0V1RucDg,/Il mio Drive/Università Drive/Economia/esercizio 3.pdf,,dc15d368-23bc-43f9-9510-2d476150970e
googledrive,giacomomoscardini@gmail.com,0Bwz1vEaJ144DeEpBbzIzcWJXTWs,/Il mio Drive/Università Drive,,c1a7c07a-4a81-4fd9-b1e0-5495952b2e45
googledrive,giacomomoscardini@gmail.com,0B3FawU607bPSWUNpX1hsYmVHUXc,/Xiaomi by xC/Mi Fit,,d3d3ef73-a237-4160-8980-d59a283b8d7d
googledrive,giacomomoscardini@gmail.com,1Y0Ed0D30ib4nvMUbKEHJiOdrYdYu0te8,/San Gimignano+Siena/DSC_0369.JPG,,db26c25a-ea14-44c2-bc44-e28bfedc3112
googledrive,giacomomoscardini@gmail.com,0Bwz1vEaJ144DU0EwMXJsTnY1S3M,/Il mio Drive/Vacanza Picciotti 2017/Vacanza picciotti estate 2017.pdf,,05c437cf-30f7-4708-9e11-b0a4e604f4f9
googledrive,giacomomoscardini@gmail.com,0Bwz1vEaJ144DWWE2LUtHZVhkYlk,/Il mio Drive/Barcellona/boarding-pass.pdf,,1c882d5a-84d1-48aa-bc9f-b34398624746
googledrive,giacomomoscardini@gmail.com,0Bwz1vEaJ144DeFZZcUQ4RWJpb01ZbERpRFZTWW9qU25GV2Rz,/Il mio Drive/Diseducatore/Esercizi Spirituali - Modulo Iscrizione.pdf,,289c8556-db48-4efd-8f29-cc88dcc310d8
googledrive,giacomomoscardini@gmail.com,1r1ySQTPJt5h1zz64RoK-5ykUXIpZb8Nv,/Il mio Drive/Diseducatore/Educandi Samma 16-17.xlsx,,87e84579-f934-46d8-a817-c97479cd59a4
googledrive,giacomomoscardini@gmail.com,1zlICFRhOoyUnQPVZWgfPqnFr7rv0E5rs,/Il mio Drive/pokemon/pokeprism0152.zip,,8f3c4379-0d07-4651-aefa-12c9b20a3ddb
googledrive,giacomomoscardini@gmail.com,0Bwz1vEaJ144DRFdQcFkyNXdUZU0,/Il mio Drive/My Tracks/07/11/2013 14:29.kml,,a83960b2-fb83-4e34-9331-9a6ca50c86fe
googledrive,giacomomoscardini@gmail.com,0Bwz1vEaJ144DQ01aRzFrel9uaDg,"/Il mio Drive/Vacanza Picciotti 2017/Itinerario di Viaggio Airbnb, Codice di Conferma HMFT3THBN5.pdf",,b3579cd3-830f-461c-a9d0-20290913d11e
googledrive,giacomomoscardini@gmail.com,0Bwz1vEaJ144DLXN5cHJnLVZjblU,/Il mio Drive/Vacanza Picciotti 2017/Gestisci le tue prenotazioni - Booking.pdf,,e94d97fa-055e-4eaf-b06e-fdb605115cd2
googledrive,giacomomoscardini@gmail.com,0Bwz1vEaJ144Dcjh5Sm5uRjNHQmJpaC1WYXA2UDNIWmx4cW9n,/Il mio Drive/Università Drive/Economia/7 - cap 9 integrato.pdf,,699b544a-4dbd-4f4e-95d9-6634d30535d5
googledrive,giacomomoscardini@gmail.com,1j4kb21RvLnnen0dDnCm2x2M0zM8mwyL2,/San Gimignano+Siena/DSC_0392.JPG,,b34e9623-9247-432d-9b98-8adbaafd26b6
googledrive,giacomomoscardini@gmail.com,0Bwz1vEaJ144DRlQydkZ3MVFib00,/Il mio Drive/Università Drive/Economia/22 - es 2 soluzioni.pdf,,bfbc8483-5289-4a74-9c86-1087fa97938b
googledrive,giacomomoscardini@gmail.com,1FiAXoHGHcB2e1RpeWS63nzHucqKK0ufJ,/San Gimignano+Siena/DSC_0288.JPG,,f0ccb5f5-b9eb-4edf-8e02-31d678213f06
googledrive,giacomomoscardini@gmail.com,1vbLOmkd_1S8Ki3Yp9r4vZtFPAq3sFJmW,/San Gimignano+Siena/DSC_0309.JPG,,f94c4a7c-5b19-4762-a22b-53191d0aa726
googledrive,giacomomoscardini@gmail.com,0Bwz1vEaJ144DeGhJOGZIc0oybm8,/Il mio Drive/Università Drive/Economia/esercizio 4.pdf,,ea036240-d5a5-48b9-8ff0-d29ec291e041
googledrive,giacomomoscardini@gmail.com,1Ku-EHWUdHXakg2pleqK75g27v7zg6BAW,/San Gimignano+Siena/DSC_0265.JPG,,1330c136-ff53-491b-a919-da1d148ddf14
googledrive,giacomomoscardini@gmail.com,1JksvJcCOOO6BTrayCEdhc3WySnOyIS02,/San Gimignano+Siena/DSC_0361.JPG,,1e72ffe9-5aab-46fd-a595-ef5becb3db78
googledrive,giacomomoscardini@gmail.com,12RYEDFhJ11M5oUE_Acs0Fl6X2PkBJvGI,/San Gimignano+Siena/DSC_0327.JPG,,2ef45344-4830-4c08-93f1-7eb889df818a
googledrive,giacomomoscardini@gmail.com,0Bwz1vEaJ144DUV94cTJyOFFlNlk,/Il mio Drive/Università Drive/Economia/28 - ricostruzione CE SP.pdf,,395b98eb-1243-4181-9038-9403610352de
googledrive,giacomomoscardini@gmail.com,0Bwz1vEaJ144Dc0dJR1hIaEdLNUk,/Il mio Drive/Università Drive/Economia/Scelte di investimento.pdf,,57e1c225-0d04-430e-8ef1-8e3e7a91cc0f
googledrive,giacomomoscardini@gmail.com,0Bwz1vEaJ144DQ1NGaXVvT3JraUk,/Il mio Drive/Università Drive/Economia/17 - acquisti di beni e servizi.pdf,,9dd87ce4-e7cc-4121-bf4f-86bf8cf2a571
googledrive,giacomomoscardini@gmail.com,1PhVeWLXcp9ZS30dNJSXC248ijoA,/Best of Sicily 14 days travel itinerary,,e45b2589-4a13-4c40-a53c-838a320186a3
googledrive,giacomomoscardini@gmail.com,0Bwz1vEaJ144DcVJ3b1FJQ2ZYazA,/Il mio Drive/Barcellona,,f9fc5071-1134-448b-bd62-2f0ab212cd95
googledrive,giacomomoscardini@gmail.com,16jhLKziIm2-RpHy7Wgt1eTd-GJcG4NKF,/PocketAcademy2.0.0.apk,,ea7817b5-30fb-41f1-a789-0e1e88ef1de9
googledrive,giacomomoscardini@gmail.com,1DIcrvv_-Ij0bLgl2yc9Ah7wqeAFbTWcgRuKma4tgueo,/Prism,,f1597710-a244-4b9b-8248-19d49cfc8d80
googledrive,giacomomoscardini@gmail.com,0B1cOHQ70J9vlT3M3UFA2VWtIMFU,/mx_Neon_1.8.6.zip,,f0dca499-cd72-4dfb-8f68-9d3d8e6787ef
googledrive,giacomomoscardini@gmail.com,0B3FawU607bPSOHk1SEMwOExlMms,/Xiaomi by xC/SmartHome,,e06f8627-d914-4c32-a056-f593df2c0b74
googledrive,giacomomoscardini@gmail.com,1nTqENg8gpNtVqs-tR7IO5UdRcTrwPyJH,/Xiaomi by xC/SmartHome/MiHome_P5.0.25_by_xC.apk,,4411df32-e4f2-421b-b051-53309e8108a1
googledrive,giacomomoscardini@gmail.com,11AeP4lJrmglZqxNQRXAfRChhb4g0MCuzMbLga5HiGrU,/Il mio Drive/Colletta Coop,,4ff9fd74-14a5-4b30-90a5-d18bb0cf66d0
googledrive,giacomomoscardini@gmail.com,0B3FawU607bPSdjFhS2JiNXIwMnc,/Xiaomi by xC/xC-Replacer,,a862a1a8-4a30-4702-a9ac-0e181d7106e8
googledrive,giacomomoscardini@gmail.com,1vDA5IAPoo8e4jykQAV9zMDVrsiiEFyyQ,/Vanced-ARM-Black-13.07.55.zip,,e282d588-32cc-45da-987f-8861f47584e8
googledrive,giacomomoscardini@gmail.com,0B5JFX1KT2nauYlVVZjNna1dzNkU,/Tools-N-Files for K3 Note SP Flash Recovery,,b78d193d-e1c4-41ae-a2ac-f9ef47d86d47
googledrive,giacomomoscardini@gmail.com,1nflTTNkftGgyqfwBhI6rkaVpH-8wEMxI,/lineage-15.1-20180405-UNOFFICIAL-m8.zip,"momo, telefono, m8",a5a99e41-f0b1-4231-883b-8b38d3c24712
googledrive,giacomomoscardini@gmail.com,1aHAWTK5qmsD7r18CRmiCTaB7Bkan0ctX,/arm/2018-01-05,,ed929c64-1551-47ec-b807-07730bdb1ebd
